<?xml version="1.0" encoding="utf-8" ?>

<component name="LoadItemsTask" extends="Task">
  <interface>
    <field id="itemsToLoad" type="string" value="libraries" />
    <field id="itemId" type="string" />
    <field id="metadata" type="assocarray" />
    <field id="content" type="array" />
  </interface>
  <script type="text/brightscript" uri="LoadItemsTask.brs" />
  <script type="text/brightscript" uri="pkg:/source/api/Items.brs" />
  <script type="text/brightscript" uri="pkg:/source/api/baserequest.brs" />
  <script type="text/brightscript" uri="pkg:/source/utils/config.brs" />
  <script type="text/brightscript" uri="pkg:/source/utils/deviceCapabilities.brs" />
  <script type="text/brightscript" uri="pkg:/source/api/Image.brs" />
</component>