<?xml version="1.0" encoding="utf-8" ?>
<component name="Home" extends="JFGroup">
  <children>
    <HomeRows id="homeRows" />
    <OptionsSlider id="options" />
  </children>
  <interface>
    <field id="selectedItem" alias="homeRows.selectedItem" />
    <field id="userConfig" alias="homeRows.userConfig" />
    <field id="quickPlayNode" alias="homeRows.quickPlayNode" />
    <field id="timeLastRefresh" type="integer" />
    <function name="refresh" />
    <function name="loadLibraries" />
  </interface>
  <script type="text/brightscript" uri="Home.brs" />
</component>
