<?xml version="1.0" encoding="utf-8" ?>
<component name="UserItem" extends="Group">
  <children>
    <LayoutGroup layoutDirection="vert">
      <Poster id="profileImage" width="300" height="300" />
      <Label id="profileName" horizAlign="center" vertAlign="center" font="font:SmallBoldSystemFont" color="#EBEBEB" height="64" width="300" />
    </LayoutGroup>
  </children>
  <interface>
    <field id="itemContent" type="node" onChange="itemContentChanged" />
  </interface>
  <script type="text/brightscript" uri="UserItem.brs" />
</component>
