<?xml version="1.0" encoding="utf-8" ?>
<component name="UserData" extends="ContentNode">
  <interface>
    <field id="id" type="string" />
    <field id="username" type="string" />
    <field id="token" type="string" />
    <field id="server" type="string" />
    <field id="json" type="assocarray" onChange="setDataFromJSON" />
    <function name="setServer" />
    <function name="getPreference" />
    <function name="setPreference" />
    <function name="loadFromRegistry" />
    <function name="saveToRegistry" />
    <function name="setActive" />
  </interface>
  <script type="text/brightscript" uri="pkg:/source/utils/config.brs" />
  <script type="text/brightscript" uri="UserData.brs" />
</component>
