<?xml version="1.0" encoding="utf-8" ?>
<component name="TVListDetails" extends="Group">
  <children>
    <LayoutGroup id="toplevel" layoutDirection="vert" itemSpacings="[40]">
      <LayoutGroup id="main_group" layoutDirection="horiz" itemSpacings="[30]">
        <Poster id="poster" width="534" height="300" />
        <LayoutGroup id="text" layoutDirection="vert" itemSpacings="[15]">
          <!-- Using poster of 1 length to get spacing. Not successful with adding translation to title -->
          <Poster id="null" height="1" />
          <ScrollingLabel id="title" font="font:LargeBoldSystemFont" maxWidth="1200" />
          <LayoutGroup layoutDirection="horiz" itemSpacings="[20]">
            <Label id="runtime" font="font:SmallestSystemFont" />
            <LayoutGroup layoutDirection="horiz" itemSpacings="[-5]">
              <Poster id="star" uri="pkg:/images/sharp_star_white_18dp.png" height="26" width="26" blendColor="#cb272a" />
              <Label id="communityRating" font="font:SmallestSystemFont" />
            </LayoutGroup>
            <Label id="endtime" font="font:SmallestSystemFont" />
          </LayoutGroup>
          <Label id="overview" wrap="true" height="170" width="1200" maxLines="4" ellipsizeOnBoundary="true"/>
        </LayoutGroup>
      </LayoutGroup>
    </LayoutGroup>
  </children>
  <interface>
    <field id="itemContent" type="node" onChange="itemContentChanged"/>
  </interface>
  <script type="text/brightscript" uri="TVListDetails.brs" />
  <script type="text/brightscript" uri="pkg:/source/utils/misc.brs" />
</component>
