<?xml version="1.0" encoding="utf-8" ?>
<component name="HomeData" extends="ContentNode">
  <interface>
    <field id="id" type="string" />
    <field id="name" type="string" />
    <field id="thumbnailURL" type="string" />
    <field id="iconURL" type="string" />
    <field id="posterURL" type="string" />
    <field id="widePosterURL" type="string" />
    <field id="type" type="string" />
    <field id="json" type="assocarray" onChange="setData" />
    <field id="collectionType" type="string" />
    <field id="imageWidth" type="integer" value="464" />
    <field id="usePoster" type="bool" value="false" />
  </interface>
  <script type="text/brightscript" uri="pkg:/source/api/baserequest.brs" />
  <script type="text/brightscript" uri="pkg:/source/utils/config.brs" />
  <script type="text/brightscript" uri="pkg:/source/api/Image.brs" />
    <script type="text/brightscript" uri="HomeData.brs" />
</component>
