<?xml version="1.0" encoding="utf-8" ?>
<component name="ScheduleProgramData" extends="JFContentItem">
  <interface>
    <field id="fullyLoaded" type="boolean" value="false" />
    <field id="channelIndex" type="integer" />
    <field id="programIndex" type="integer" />
    <field id="episodeTitle" type="string" />
    <field id="isLive" type="boolean" value="false" />
    <field id="isRepeat" type="boolean" value="false" />
    <field id="startDate" type="string" />
    <field id="endDate" type="string" />
    <field id="seasonNumber" type="integer" value="-1" />
    <field id="episodeNumber" type="integer" value="-1" />
    <field id="channelId" type="string" />
    <field id="channelLogoUri" type="string" />
    <field id="channelName" type="string" />
  </interface>
  <script type="text/brightscript" uri="ScheduleProgramData.brs" />
  <script type="text/brightscript" uri="pkg:/source/api/Image.brs" />
  <script type="text/brightscript" uri="pkg:/source/api/baserequest.brs" />
  <script type="text/brightscript" uri="pkg:/source/utils/config.brs" />
</component>