<?xml version="1.0" encoding="utf-8" ?>
<component name="ItemGridOptions" extends="Group">
  <children>
    <Rectangle width="1920" height="1080" color="#000000" opacity="0.75" />
    <Group translation="[100,100]">
      <Poster width="1720" height="880" uri="pkg:/images/dialog.9.png" />
      <LayoutGroup horizAlignment="center" translation="[860,50]" itemSpacings="[50]">
        <JFButtons id="buttons" />
        <Group>
          <RadiobuttonList id="viewMenu" itemspacing="[0,10]" vertFocusAnimationStyle="floatingFocus" opacity="0" drawFocusFeedback="false">
          </RadiobuttonList>
          <RadiobuttonList id="sortMenu" itemspacing="[0,10]" vertFocusAnimationStyle="floatingFocus" opacity="1" numRows="8" drawFocusFeedback="false">
          </RadiobuttonList>
          <RadiobuttonList id="filterMenu" itemspacing="[0,10]" vertFocusAnimationStyle="floatingFocus" opacity="0" drawFocusFeedback="false">
          </RadiobuttonList>
        </Group>
      </LayoutGroup>
    </Group>

    <Animation id="fadeAnim" duration="0.5" repeat="false">
      <FloatFieldInterpolator id="outOpacity" key="[0.0, 0.5, 1.0]" keyValue="[ 1, 0, 0 ]" fieldToInterp="focus.opacity" />
      <FloatFieldInterpolator id="inOpacity" key="[0.0, 0.5, 1.0]" keyValue="[ 0, 0, 1 ]" fieldToInterp="focus.opacity" />
    </Animation>

  </children>
  <interface>
    <field id="buttons" type="nodearray" />
    <field id="options" type="assocarray" onChange="optionsSet" />

    <field id="view" type="string" />
    <field id="sortField" type="string" value="SortName" />
    <field id="sortAscending" type="boolean" value="false" />
    <field id="filter" type="string" value="All" />

  </interface>
  <script type="text/brightscript" uri="ItemGridOptions.brs" />
</component>
